Year,State,County ID,State / County Name,All Ages SAIPE Poverty Universe,All Ages in Poverty Count,All Ages in Poverty Count LB 90%,All Ages in Poverty Count UB 90%,90% Confidence Interval (All Ages in Poverty Count),All Ages in Poverty Percent,All Ages in Poverty Percent LB 90%,All Ages in Poverty Percent UB 90%,90% Confidence Interval (All Ages in Poverty Percent),Under Age 18 SAIPE Poverty Universe,Under Age 18 in Poverty Count,Under Age 18 in Poverty Count LB 90%,Under Age 18 in Poverty Count UB 90%,90% Confidence Interval (Under Age 18 in Poverty Count),Under Age 18 in Poverty Percent,Under Age 18 in Poverty Percent LB 90%,Under Age 18 in Poverty Percent UB 90%,90% Confidence Interval (Under Age 18 in Poverty Percent),Ages 5 to 17 in Families SAIPE Poverty Universe,Ages 5 to 17 in Families in Poverty Count,Ages 5 to 17 in Families in Poverty Count LB 90%,Ages 5 to 17 in Families in Poverty Count UB 90%,90% Confidence Interval (Ages 5 to 17 in Families in Poverty Count),Ages 5 to 17 in Families in Poverty Percent,Ages 5 to 17 in Families in Poverty Percent LB 90%,Ages 5 to 17 in Families in Poverty Percent UB 90%,90% Confidence Interval (Ages 5 to 17 in Families in Poverty Percent),Under Age 5 SAIPE Poverty Universe,Under Age 5 in Poverty Count,Under Age 5 in Poverty Count LB 90%,Under Age 5 in Poverty Count UB 90%,90% Confidence Interval (Under Age 5 in Poverty Count),Under Age 5 in Poverty Percent,Under Age 5 in Poverty Percent LB 90%,Under Age 5 in Poverty Percent UB 90%,90% Confidence Interval (Under Age 5 in Poverty Percent),Median Household Income in Dollars,Median Household Income in Dollars LB 90%,Median Household Income in Dollars UB 90%,90% Confidence Interval (Median Household Income in Dollars),Unemployment Rate,Population,SNAP($/Person)
2019,6,6037,Los Angeles County (CA),"9,874,732","1,319,242","1,280,878","1,357,606","1,280,878 to 1,357,606",13.4,13,13.8,13.0 to 13.8,"2,101,069","385,475","367,258","403,692","367,258 to 403,692",18.3,17.4,19.2,17.4 to 19.2,"1,532,700","277,650","263,702","291,598","263,702 to 291,598",18.1,17.2,19,17.2 to 19.0,NA,NA,NA,NA,NA,NA,NA,NA,NA,"$72,721 ","$72,077 ","$73,365 ","$72,077 to $73,365",4.3,"10,039,107",151.1
2017,6,6037,Los Angeles County (CA),"10,007,071","1,490,853","1,454,153","1,527,553","1,454,153 to 1,527,553",14.9,14.5,15.3,14.5 to 15.3,"2,188,918","457,665","440,895","474,435","440,895 to 474,435",20.9,20.1,21.7,20.1 to 21.7,"1,577,008","321,855","309,267","334,443","309,267 to 334,443",20.4,19.6,21.2,19.6 to 21.2,NA,NA,NA,NA,NA,NA,NA,NA,NA,"$64,912 ","$64,252 ","$65,572 ","$64,252 to $65,572",4.4,"10,103,711",136.44
2015,6,6037,Los Angeles County (CA),"10,011,595","1,675,802","1,635,262","1,716,342","1,635,262 to 1,716,342",16.7,16.3,17.1,16.3 to 17.1,"2,243,079","527,528","510,057","544,999","510,057 to 544,999",23.5,22.7,24.3,22.7 to 24.3,"1,607,022","366,512","352,735","380,289","352,735 to 380,289",22.8,21.9,23.7,21.9 to 23.7,NA,NA,NA,NA,NA,NA,NA,NA,NA,"$59,045 ","$58,460 ","$59,630 ","$58,460 to $59,630",5.5,"10,085,416",142
2013,6,6037,Los Angeles County (CA),"9,858,931","1,872,964","1,833,280","1,912,648","1,833,280 to 1,912,648",19,18.6,19.4,18.6 to 19.4,"2,284,182","624,784","606,061","643,507","606,061 to 643,507",27.4,26.6,28.2,26.6 to 28.2,"1,648,913","439,258","424,932","453,584","424,932 to 453,584",26.6,25.7,27.5,25.7 to 27.5,NA,NA,NA,NA,NA,NA,NA,NA,NA,"$54,443 ","$53,872 ","$55,014 ","$53,872 to $55,014",8.6,"9,992,484",151.44
2011,6,6037,Los Angeles County (CA),"9,735,899","1,788,681","1,750,372","1,826,990","1,750,372 to 1,826,990",18.4,18,18.8,18.0 to 18.8,"2,339,597","606,778","589,023","624,533","589,023 to 624,533",25.9,25.1,26.7,25.1 to 26.7,"1,695,817","426,432","412,726","440,138","412,726 to 440,138",25.1,24.3,25.9,24.3 to 25.9,NA,NA,NA,NA,NA,NA,NA,NA,NA,"$52,239 ","$51,779 ","$52,699 ","$51,779 to $52,699",11.5,"9,876,482",147.06
2009,6,6037,Los Angeles County (CA),"9,690,311","1,552,196","1,511,381","1,593,012","1,511,381 to 1,593,012",16,15.6,16.4,15.6 to 16.4,"2,459,401","561,661","543,145","580,176","543,145 to 580,176",22.8,22.1,23.6,22.1 to 23.6,"1,736,352","374,513","361,328","387,698","361,328 to 387,698",21.6,20.8,22.3,20.8 to 22.3,NA,NA,NA,NA,NA,NA,NA,NA,NA,"$54,375 ","$53,742 ","$55,009 ","$53,742 to $55,009",12.1,9787400,136.75
2007,6,6037,Los Angeles County (CA),"9,717,419","1,423,245","1,389,419","1,457,070","1,389,419 to 1,457,070",14.6,14.3,15,14.3 to 15.0,"2,539,162","536,561","515,684","557,438","515,684 to 557,438",21.1,20.3,22,20.3 to 22.0,"1,830,336","368,973","352,441","385,505","352,441 to 385,505",20.2,19.3,21.1,19.3 to 21.1,NA,NA,NA,NA,NA,NA,NA,NA,NA,"$53,494 ","$52,831 ","$54,156 ","$52,831 to $54,156",5.6,9700359,104.56
2005,6,6037,Los Angeles County (CA),"9,714,769","1,574,523","1,525,335","1,623,710","1,525,335 to 1,623,710",16.2,15.7,16.7,15.7 to 16.7,"2,683,068","624,433","596,523","652,343","596,523 to 652,343",23.3,22.2,24.3,22.2 to 24.3,"1,928,664","438,828","415,356","462,300","415,356 to 462,300",22.8,21.5,24,21.5 to 24.0,NA,NA,NA,NA,NA,NA,NA,NA,NA,"$48,166 ","$47,508 ","$48,823 ","$47,508 to $48,823",4.8,9786373,96.83
2003,6,6037,Los Angeles County (CA),"9,801,990","1,729,767","1,421,410","2,038,124","1,421,410 to 2,038,124",17.6,14.5,20.8,14.5 to 20.8,"2,720,905","693,408","549,923","836,893","549,923 to 836,893",25.5,20.2,30.8,20.2 to 30.8,"1,948,372","486,099","373,056","599,142","373,056 to 599,142",24.9,19.1,30.8,19.1 to 30.8,NA,NA,NA,NA,NA,NA,NA,NA,NA,"$41,544 ","$40,321 ","$42,803 ","$40,321 to $42,803",7.1,9767145,88.07
2019,6,6073,San Diego County (CA),"3,238,918","335,034","313,969","356,099","313,969 to 356,099",10.3,9.6,11,9.6 to 11.0,"701,947","89,798","79,659","99,937","79,659 to 99,937",12.8,11.4,14.2,11.4 to 14.2,"501,602","62,923","54,782","71,064","54,782 to 71,064",12.5,10.9,14.1,10.9 to 14.1,NA,NA,NA,NA,NA,NA,NA,NA,NA,"$83,576 ","$81,951 ","$85,201 ","$81,951 to $85,201",3,"3,338,330",151.1
2017,6,6073,San Diego County (CA),"3,243,699","385,479","366,449","404,509","366,449 to 404,509",11.9,11.3,12.5,11.3 to 12.5,"718,499","112,637","104,159","121,115","104,159 to 121,115",15.7,14.5,16.9,14.5 to 16.9,"506,837","73,529","67,042","80,016","67,042 to 80,016",14.5,13.2,15.8,13.2 to 15.8,NA,NA,NA,NA,NA,NA,NA,NA,NA,"$76,048 ","$75,141 ","$76,955 ","$75,141 to $76,955",3.4,"3,321,237",136.44
2015,6,6073,San Diego County (CA),"3,203,252","445,948","426,798","465,098","426,798 to 465,098",13.9,13.3,14.5,13.3 to 14.5,"718,060","127,566","118,897","136,235","118,897 to 136,235",17.8,16.6,19,16.6 to 19.0,"503,383","86,578","79,441","93,715","79,441 to 93,715",17.2,15.8,18.6,15.8 to 18.6,NA,NA,NA,NA,NA,NA,NA,NA,NA,"$67,053 ","$65,770 ","$68,336 ","$65,770 to $68,336",4.7,"3,280,850",142
2013,6,6073,San Diego County (CA),"3,121,289","476,184","455,774","496,594","455,774 to 496,594",15.3,14.6,16,14.6 to 16.0,"716,045","138,588","129,032","148,144","129,032 to 148,144",19.4,18.1,20.7,18.1 to 20.7,"506,773","99,017","91,400","106,634","91,400 to 106,634",19.5,18,21,18.0 to 21.0,NA,NA,NA,NA,NA,NA,NA,NA,NA,"$61,365 ","$60,604 ","$62,126 ","$60,604 to $62,126",6.9,"3,209,768",151.44
2011,6,6073,San Diego County (CA),"3,048,226","462,997","443,107","482,887","443,107 to 482,887",15.2,14.5,15.9,14.5 to 15.9,"716,487","137,647","127,578","147,716","127,578 to 147,716",19.2,17.8,20.6,17.8 to 20.6,"510,168","93,841","86,335","101,347","86,335 to 101,347",18.4,16.9,19.9,16.9 to 19.9,NA,NA,NA,NA,NA,NA,NA,NA,NA,"$59,290 ","$57,977 ","$60,603 ","$57,977 to $60,603",9.7,"3,137,156",147.06
2009,6,6073,San Diego County (CA),"2,973,267","372,782","353,398","392,165","353,398 to 392,165",12.5,11.9,13.2,11.9 to 13.2,"727,676","122,455","113,903","131,007","113,903 to 131,007",16.8,15.7,18,15.7 to 18.0,"500,495","82,241","76,493","87,989","76,493 to 87,989",16.4,15.3,17.6,15.3 to 17.6,NA,NA,NA,NA,NA,NA,NA,NA,NA,"$60,103 ","$59,088 ","$61,117 ","$59,088 to $61,117",10.3,3061203,136.75
2007,6,6073,San Diego County (CA),"2,879,876","319,404","303,776","335,033","303,776 to 335,033",11.1,10.5,11.6,10.5 to 11.6,"729,126","108,955","100,700","117,209","100,700 to 117,209",14.9,13.8,16.1,13.8 to 16.1,"508,198","70,905","64,594","77,216","64,594 to 77,216",14,12.7,15.2,12.7 to 15.2,NA,NA,NA,NA,NA,NA,NA,NA,NA,"$61,724 ","$61,028 ","$62,420 ","$61,028 to $62,420",4.8,2975742,104.56
2005,6,6073,San Diego County (CA),"2,812,248","310,376","288,882","331,870","288,882 to 331,870",11,10.3,11.8,10.3 to 11.8,"744,797","116,761","104,696","128,826","104,696 to 128,826",15.7,14.1,17.3,14.1 to 17.3,"522,642","77,960","68,913","87,007","68,913 to 87,007",14.9,13.2,16.6,13.2 to 16.6,NA,NA,NA,NA,NA,NA,NA,NA,NA,"$56,224 ","$55,427 ","$57,020 ","$55,427 to $57,020",3.8,2938375,96.83
2003,6,6073,San Diego County (CA),"2,847,822","331,677","264,717","398,636","264,717 to 398,636",11.6,9.3,14,9.3 to 14.0,"754,760","114,706","88,508","140,903","88,508 to 140,903",15.2,11.7,18.7,11.7 to 18.7,"531,375","78,281","58,125","98,437","58,125 to 98,437",14.7,10.9,18.5,10.9 to 18.5,NA,NA,NA,NA,NA,NA,NA,NA,NA,"$48,766 ","$46,432 ","$51,217 ","$46,432 to $51,217",4.5,2914702,88.07
2019,6,6075,San Francisco County (CA),"865,424","82,616","75,280","89,952","75,280 to 89,952",9.5,8.7,10.3,8.7 to 10.3,"114,872","10,670","7,651","13,689","7,651 to 13,689",9.3,6.7,11.9,6.7 to 11.9,"76,217","7,467","5,224","9,710","5,224 to 9,710",9.8,6.9,12.7,6.9 to 12.7,NA,NA,NA,NA,NA,NA,NA,NA,NA,"$121,795 ","$118,061 ","$125,529 ","$118,061 to $125,529",2,"881,549",151.1
2017,6,6075,San Francisco County (CA),"868,690","87,314","79,689","94,939","79,689 to 94,939",10.1,9.2,11,9.2 to 11.0,"116,051","14,234","11,502","16,966","11,502 to 16,966",12.3,9.9,14.7,9.9 to 14.7,"76,351","9,504","7,546","11,462","7,546 to 11,462",12.4,9.8,15,9.8 to 15.0,NA,NA,NA,NA,NA,NA,NA,NA,NA,"$109,601 ","$107,133 ","$112,069 ","$107,133 to $112,069",2.5,"878,040",136.44
2015,6,6075,San Francisco County (CA),"849,842","105,244","98,137","112,351","98,137 to 112,351",12.4,11.6,13.2,11.6 to 13.2,"113,261","15,281","12,575","17,987","12,575 to 17,987",13.5,11.1,15.9,11.1 to 15.9,"73,486","10,655","8,680","12,630","8,680 to 12,630",14.5,11.8,17.2,11.8 to 17.2,NA,NA,NA,NA,NA,NA,NA,NA,NA,"$90,527 ","$87,785 ","$93,269 ","$87,785 to $93,269",3.2,"863,010",142
2013,6,6075,San Francisco County (CA),"822,030","113,217","106,286","120,148","106,286 to 120,148",13.8,13,14.6,13.0 to 14.6,"109,551","15,760","12,914","18,606","12,914 to 18,606",14.4,11.8,17,11.8 to 17.0,"71,476","10,527","8,254","12,800","8,254 to 12,800",14.7,11.5,17.9,11.5 to 17.9,NA,NA,NA,NA,NA,NA,NA,NA,NA,"$76,933 ","$74,905 ","$78,961 ","$74,905 to $78,961",4.6,"839,572",151.44
2011,6,6075,San Francisco County (CA),"797,283","110,260","101,507","119,013","101,507 to 119,013",13.8,12.7,14.9,12.7 to 14.9,"106,835","17,137","14,421","19,853","14,421 to 19,853",16,13.5,18.5,13.5 to 18.5,"70,721","12,378","10,423","14,333","10,423 to 14,333",17.5,14.7,20.3,14.7 to 20.3,NA,NA,NA,NA,NA,NA,NA,NA,NA,"$69,354 ","$67,027 ","$71,681 ","$67,027 to $71,681",7.3,"815,650",147.06
2009,6,6075,San Francisco County (CA),"803,979","94,134","86,054","102,214","86,054 to 102,214",11.7,10.7,12.7,10.7 to 12.7,"115,049","16,221","13,338","19,105","13,338 to 19,105",14.1,11.6,16.6,11.6 to 16.6,"73,936","11,056","9,097","13,015","9,097 to 13,015",15,12.3,17.6,12.3 to 17.6,NA,NA,NA,NA,NA,NA,NA,NA,NA,"$70,247 ","$68,152 ","$72,342 ","$68,152 to $72,342",9.3,801922,136.75
2007,6,6075,San Francisco County (CA),"754,436","80,277","74,166","86,389","74,166 to 86,389",10.6,9.8,11.5,9.8 to 11.5,"107,098","13,567","11,386","15,747","11,386 to 15,747",12.7,10.6,14.7,10.6 to 14.7,"67,389","9,216","7,592","10,840","7,592 to 10,840",13.7,11.3,16.1,11.3 to 16.1,NA,NA,NA,NA,NA,NA,NA,NA,NA,"$67,333 ","$64,398 ","$70,268 ","$64,398 to $70,268",4.2,778673,104.56
2005,6,6075,San Francisco County (CA),"716,922","87,324","81,036","93,611","81,036 to 93,611",12.2,11.3,13.1,11.3 to 13.1,"106,510","15,809","13,351","18,267","13,351 to 18,267",14.8,12.5,17.2,12.5 to 17.2,"66,661","10,454","8,774","12,134","8,774 to 12,134",15.7,13.2,18.2,13.2 to 18.2,NA,NA,NA,NA,NA,NA,NA,NA,NA,"$57,476 ","$55,679 ","$59,274 ","$55,679 to $59,274",4.2,763016,96.83
2003,6,6075,San Francisco County (CA),"736,815","88,476","69,861","107,092","69,861 to 107,092",12,9.5,14.5,9.5 to 14.5,"108,672","20,041","15,230","24,853","15,230 to 24,853",18.4,14,22.9,14.0 to 22.9,"69,249","13,285","9,692","16,878","9,692 to 16,878",19.2,14,24.4,14.0 to 24.4,NA,NA,NA,NA,NA,NA,NA,NA,NA,"$51,402 ","$48,501 ","$54,475 ","$48,501 to $54,475",5.7,766160,88.07
2019,12,12011,Broward County (FL),"1,936,540","237,486","218,672","256,300","218,672 to 256,300",12.3,11.3,13.3,11.3 to 13.3,"404,550","66,476","57,226","75,726","57,226 to 75,726",16.4,14.1,18.7,14.1 to 18.7,"294,085","46,115","39,043","53,187","39,043 to 53,187",15.7,13.3,18.1,13.3 to 18.1,NA,NA,NA,NA,NA,NA,NA,NA,NA,"$61,429 ","$60,383 ","$62,475 ","$60,383 to $62,475",2.9,"1,952,778",157.56
2017,12,12011,Broward County (FL),"1,921,125","252,288","234,901","269,675","234,901 to 269,675",13.1,12.2,14,12.2 to 14.0,"407,381","73,178","64,939","81,417","64,939 to 81,417",18,16,20,16.0 to 20.0,"295,441","51,365","45,051","57,679","45,051 to 57,679",17.4,15.3,19.5,15.3 to 19.5,NA,NA,NA,NA,NA,NA,NA,NA,NA,"$56,702 ","$55,482 ","$57,922 ","$55,482 to $57,922",3.6,"1,934,516",125.09
2015,12,12011,Broward County (FL),"1,881,018","263,607","243,880","283,334","243,880 to 283,334",14,13,15,13.0 to 15.0,"402,969","81,928","73,481","90,375","73,481 to 90,375",20.3,18.2,22.4,18.2 to 22.4,"291,491","54,609","48,280","60,938","48,280 to 60,938",18.7,16.5,20.9,16.5 to 20.9,NA,NA,NA,NA,NA,NA,NA,NA,NA,"$53,624 ","$52,230 ","$55,018 ","$52,230 to $55,018",4.6,"1,885,040",129.66
2013,12,12011,Broward County (FL),"1,822,973","276,804","259,183","294,425","259,183 to 294,425",15.2,14.2,16.2,14.2 to 16.2,"395,952","77,062","68,642","85,482","68,642 to 85,482",19.5,17.4,21.6,17.4 to 21.6,"288,591","51,909","44,880","58,938","44,880 to 58,938",18,15.6,20.4,15.6 to 20.4,NA,NA,NA,NA,NA,NA,NA,NA,NA,"$50,343 ","$49,597 ","$51,089 ","$49,597 to $51,089",6.2,"1,836,600",138.39
2011,12,12011,Broward County (FL),"1,764,749","263,435","243,617","283,253","243,617 to 283,253",14.9,13.8,16,13.8 to 16.0,"387,789","79,527","71,003","88,051","71,003 to 88,051",20.5,18.3,22.7,18.3 to 22.7,"283,380","53,929","47,445","60,413","47,445 to 60,413",19,16.7,21.3,16.7 to 21.3,NA,NA,NA,NA,NA,NA,NA,NA,NA,"$48,478 ","$46,909 ","$50,047 ","$46,909 to $50,047",8.7,"1,786,980",139.55
2009,12,12011,Broward County (FL),"1,748,876","227,374","209,985","244,763","209,985 to 244,763",13,12,14,12.0 to 14.0,"403,553","65,816","57,377","74,256","57,377 to 74,256",16.3,14.2,18.4,14.2 to 18.4,"289,581","43,896","38,121","49,671","38,121 to 49,671",15.2,13.2,17.2,13.2 to 17.2,NA,NA,NA,NA,NA,NA,NA,NA,NA,"$48,772 ","$47,842 ","$49,702 ","$47,842 to $49,702",9.1,1733310,126.7
2007,12,12011,Broward County (FL),"1,741,031","197,760","185,319","210,200","185,319 to 210,200",11.4,10.6,12.1,10.6 to 12.1,"409,588","63,876","57,509","70,243","57,509 to 70,243",15.6,14,17.1,14.0 to 17.1,"295,664","39,933","34,909","44,957","34,909 to 44,957",13.5,11.8,15.2,11.8 to 15.2,NA,NA,NA,NA,NA,NA,NA,NA,NA,"$52,504 ","$51,355 ","$53,653 ","$51,355 to $53,653",3.4,1720825,94.65
2005,12,12011,Broward County (FL),"1,751,097","196,254","183,461","209,046","183,461 to 209,046",11.2,10.5,11.9,10.5 to 11.9,"428,399","64,747","58,336","71,158","58,336 to 71,158",15.1,13.6,16.6,13.6 to 16.6,"308,314","41,975","37,245","46,705","37,245 to 46,705",13.6,12.1,15.1,12.1 to 15.1,NA,NA,NA,NA,NA,NA,NA,NA,NA,"$46,618 ","$45,925 ","$47,311 ","$45,925 to $47,311",2.2,1746896,96.37
2003,12,12011,Broward County (FL),"1,739,081","217,958","173,786","262,130","173,786 to 262,130",12.5,10,15.1,10.0 to 15.1,"430,317","75,002","57,807","92,198","57,807 to 92,198",17.4,13.4,21.4,13.4 to 21.4,"306,884","50,166","37,221","63,111","37,221 to 63,111",16.3,12.1,20.6,12.1 to 20.6,NA,NA,NA,NA,NA,NA,NA,NA,NA,"$42,673 ","$40,601 ","$44,851 ","$40,601 to $44,851",4,1707543,79.05
2019,12,12086,Miami-Dade County (FL),"2,674,994","419,056","393,153","444,959","393,153 to 444,959",15.7,14.7,16.7,14.7 to 16.7,"539,880","112,115","99,575","124,655","99,575 to 124,655",20.8,18.5,23.1,18.5 to 23.1,"385,467","72,322","63,472","81,172","63,472 to 81,172",18.8,16.5,21.1,16.5 to 21.1,NA,NA,NA,NA,NA,NA,NA,NA,NA,"$54,991 ","$53,878 ","$56,104 ","$53,878 to $56,104",1.7,"2,716,940",157.56
2017,12,12086,Miami-Dade County (FL),"2,712,068","452,649","430,457","474,841","430,457 to 474,841",16.7,15.9,17.5,15.9 to 17.5,"550,100","121,165","110,397","131,933","110,397 to 131,933",22,20,24,20.0 to 24.0,"392,882","84,519","75,308","93,730","75,308 to 93,730",21.5,19.2,23.8,19.2 to 23.8,NA,NA,NA,NA,NA,NA,NA,NA,NA,"$49,758 ","$48,866 ","$50,650 ","$48,866 to $50,650",5,"2,713,295",125.09
2015,12,12086,Miami-Dade County (FL),"2,653,251","529,850","506,148","553,552","506,148 to 553,552",20,19.1,20.9,19.1 to 20.9,"543,776","148,213","138,086","158,340","138,086 to 158,340",27.3,25.4,29.2,25.4 to 29.2,"387,342","102,636","94,963","110,309","94,963 to 110,309",26.5,24.5,28.5,24.5 to 28.5,NA,NA,NA,NA,NA,NA,NA,NA,NA,"$43,687 ","$42,709 ","$44,665 ","$42,709 to $44,665",6.2,"2,659,839",129.66
2013,12,12086,Miami-Dade County (FL),"2,577,762","541,443","516,693","566,193","516,693 to 566,193",21,20,22,20.0 to 22.0,"536,151","148,833","137,993","159,673","137,993 to 159,673",27.8,25.8,29.8,25.8 to 29.8,"383,137","101,841","93,456","110,226","93,456 to 110,226",26.6,24.4,28.8,24.4 to 28.8,NA,NA,NA,NA,NA,NA,NA,NA,NA,"$41,840 ","$41,245 ","$42,435 ","$41,245 to $42,435",7.7,"2,609,692",138.39
2011,12,12086,Miami-Dade County (FL),"2,516,810","527,000","498,686","555,314","498,686 to 555,314",20.9,19.8,22,19.8 to 22.0,"538,777","155,644","142,290","168,998","142,290 to 168,998",28.9,26.4,31.4,26.4 to 31.4,"387,809","110,156","100,194","120,118","100,194 to 120,118",28.4,25.8,31,25.8 to 31.0,NA,NA,NA,NA,NA,NA,NA,NA,NA,"$40,476 ","$39,777 ","$41,175 ","$39,777 to $41,175",7.7,"2,544,531",139.55
2009,12,12086,Miami-Dade County (FL),"2,455,265","433,363","410,845","455,880","410,845 to 455,880",17.7,16.7,18.6,16.7 to 18.6,"566,591","135,992","124,874","147,111","124,874 to 147,111",24,22,26,22.0 to 26.0,"399,165","90,563","81,943","99,183","81,943 to 99,183",22.7,20.5,24.8,20.5 to 24.8,NA,NA,NA,NA,NA,NA,NA,NA,NA,"$41,367 ","$40,371 ","$42,363 ","$40,371 to $42,363",11,2463943,126.7
2007,12,12086,Miami-Dade County (FL),"2,341,282","357,194","340,175","374,213","340,175 to 374,213",15.3,14.5,16,14.5 to 16.0,"536,649","108,522","99,797","117,248","99,797 to 117,248",20.2,18.6,21.8,18.6 to 21.8,"379,976","72,504","65,698","79,310","65,698 to 79,310",19.1,17.3,20.9,17.3 to 20.9,NA,NA,NA,NA,NA,NA,NA,NA,NA,"$43,495 ","$42,546 ","$44,444 ","$42,546 to $44,444",3,2415576,94.65
2005,12,12086,Miami-Dade County (FL),"2,319,215","414,814","391,335","438,294","391,335 to 438,294",17.9,16.9,18.9,16.9 to 18.9,"576,668","131,556","120,222","142,890","120,222 to 142,890",22.8,20.8,24.8,20.8 to 24.8,"408,805","88,751","79,738","97,764","79,738 to 97,764",21.7,19.5,23.9,19.5 to 23.9,NA,NA,NA,NA,NA,NA,NA,NA,NA,"$37,142 ","$36,438 ","$37,846 ","$36,438 to $37,846",1.8,2385872,96.37
2003,12,12086,Miami-Dade County (FL),"2,321,620","439,775","351,490","528,060","351,490 to 528,060",18.9,15.1,22.7,15.1 to 22.7,"585,548","156,395","120,599","192,191","120,599 to 192,191",26.7,20.6,32.8,20.6 to 32.8,"413,367","103,487","76,857","130,117","76,857 to 130,117",25,18.6,31.5,18.6 to 31.5,NA,NA,NA,NA,NA,NA,NA,NA,NA,"$33,054 ","$31,502 ","$34,683 ","$31,502 to $34,683",3,2336070,79.05
2019,12,12095,Orange County (FL),"1,363,536","171,599","155,167","188,031","155,167 to 188,031",12.6,11.4,13.8,11.4 to 13.8,"301,046","53,970","46,123","61,817","46,123 to 61,817",17.9,15.3,20.5,15.3 to 20.5,"218,319","37,634","31,212","44,056","31,212 to 44,056",17.2,14.3,20.1,14.3 to 20.1,NA,NA,NA,NA,NA,NA,NA,NA,NA,"$63,133 ","$61,393 ","$64,873 ","$61,393 to $64,873",2.8,"1,393,452",157.56
2017,12,12095,Orange County (FL),"1,321,373","201,528","188,575","214,481","188,575 to 214,481",15.3,14.3,16.3,14.3 to 16.3,"298,268","65,440","58,650","72,230","58,650 to 72,230",21.9,19.6,24.2,19.6 to 24.2,"215,275","44,755","39,282","50,228","39,282 to 50,228",20.8,18.3,23.3,18.3 to 23.3,NA,NA,NA,NA,NA,NA,NA,NA,NA,"$54,021 ","$52,629 ","$55,413 ","$52,629 to $55,413",3.4,"1,355,921",125.09
2015,12,12095,Orange County (FL),"1,259,523","196,882","182,019","211,745","182,019 to 211,745",15.6,14.4,16.8,14.4 to 16.8,"286,677","64,759","57,455","72,063","57,455 to 72,063",22.6,20.1,25.1,20.1 to 25.1,"207,280","44,113","38,711","49,515","38,711 to 49,515",21.3,18.7,23.9,18.7 to 23.9,NA,NA,NA,NA,NA,NA,NA,NA,NA,"$50,593 ","$49,368 ","$51,818 ","$49,368 to $51,818",4.5,"1,291,301",129.66
2013,12,12095,Orange County (FL),"1,197,521","217,956","202,408","233,504","202,408 to 233,504",18.2,16.9,19.5,16.9 to 19.5,"276,295","71,808","64,759","78,857","64,759 to 78,857",26,23.4,28.6,23.4 to 28.6,"199,605","49,895","44,539","55,251","44,539 to 55,251",25,22.3,27.7,22.3 to 27.7,NA,NA,NA,NA,NA,NA,NA,NA,NA,"$46,675 ","$45,599 ","$47,751 ","$45,599 to $47,751",6.2,"1,227,435",138.39
2011,12,12095,Orange County (FL),"1,142,541","210,885","195,682","226,088","195,682 to 226,088",18.5,17.2,19.8,17.2 to 19.8,"269,702","69,633","63,039","76,227","63,039 to 76,227",25.8,23.4,28.2,23.4 to 28.2,"194,917","47,746","42,439","53,053","42,439 to 53,053",24.5,21.8,27.2,21.8 to 27.2,NA,NA,NA,NA,NA,NA,NA,NA,NA,"$44,635 ","$42,890 ","$46,380 ","$42,890 to $46,380",9,"1,170,579",139.55
2009,12,12095,Orange County (FL),"1,063,297","151,852","139,266","164,439","139,266 to 164,439",14.3,13.1,15.5,13.1 to 15.5,"262,520","50,308","44,146","56,469","44,146 to 56,469",19.2,16.8,21.5,16.8 to 21.5,"181,675","31,667","27,081","36,253","27,081 to 36,253",17.4,14.9,20,14.9 to 20.0,NA,NA,NA,NA,NA,NA,NA,NA,NA,"$46,826 ","$45,578 ","$48,074 ","$45,578 to $48,074",10.6,265267,126.7
2007,12,12095,Orange County (FL),"1,043,469","121,248","111,629","130,867","111,629 to 130,867",11.6,10.7,12.5,10.7 to 12.5,"264,691","41,225","35,879","46,572","35,879 to 46,572",15.6,13.6,17.6,13.6 to 17.6,"183,321","25,922","22,161","29,683","22,161 to 29,683",14.1,12.1,16.2,12.1 to 16.2,NA,NA,NA,NA,NA,NA,NA,NA,NA,"$50,988 ","$50,056 ","$51,921 ","$50,056 to $51,921",3.7,253722,94.65
2005,12,12095,Orange County (FL),"998,284","126,825","115,165","138,485","115,165 to 138,485",12.7,11.5,13.9,11.5 to 13.9,"260,312","45,360","39,486","51,233","39,486 to 51,233",17.4,15.2,19.7,15.2 to 19.7,"182,080","30,169","25,959","34,379","25,959 to 34,379",16.6,14.3,18.9,14.3 to 18.9,NA,NA,NA,NA,NA,NA,NA,NA,NA,"$44,183 ","$42,623 ","$45,742 ","$42,623 to $45,742",2.2,228026,96.37
2003,12,12095,Orange County (FL),"970,511","128,263","101,548","154,977","101,548 to 154,977",13.2,10.5,16,10.5 to 16.0,"255,604","48,619","37,232","60,007","37,232 to 60,007",19,14.6,23.5,14.6 to 23.5,"178,251","30,768","22,646","38,890","22,646 to 38,890",17.3,12.7,21.8,12.7 to 21.8,NA,NA,NA,NA,NA,NA,NA,NA,NA,"$40,671 ","$38,476 ","$42,991 ","$38,476 to $42,991",3.8,202687,79.05
2019,12,12099,Palm Beach County (FL),"1,474,635","168,026","154,773","181,279","154,773 to 181,279",11.4,10.5,12.3,10.5 to 12.3,"279,207","44,705","37,775","51,635","37,775 to 51,635",16,13.5,18.5,13.5 to 18.5,"204,070","30,653","25,235","36,071","25,235 to 36,071",15,12.3,17.7,12.3 to 17.7,NA,NA,NA,NA,NA,NA,NA,NA,NA,"$66,621 ","$65,344 ","$67,898 ","$65,344 to $67,898",3.1,"1,496,770",157.56
2017,12,12099,Palm Beach County (FL),"1,450,165","170,868","158,219","183,517","158,219 to 183,517",11.8,10.9,12.7,10.9 to 12.7,"279,722","47,117","41,218","53,016","41,218 to 53,016",16.8,14.7,18.9,14.7 to 18.9,"204,561","31,505","26,718","36,292","26,718 to 36,292",15.4,13.1,17.7,13.1 to 17.7,NA,NA,NA,NA,NA,NA,NA,NA,NA,"$60,059 ","$58,732 ","$61,386 ","$58,732 to $61,386",3.7,"1,470,344",125.09
2015,12,12099,Palm Beach County (FL),"1,402,201","189,355","176,560","202,150","176,560 to 202,150",13.5,12.6,14.4,12.6 to 14.4,"272,897","56,828","51,887","61,769","51,887 to 61,769",20.8,19,22.6,19.0 to 22.6,"200,550","39,092","34,762","43,422","34,762 to 43,422",19.5,17.3,21.7,17.3 to 21.7,NA,NA,NA,NA,NA,NA,NA,NA,NA,"$56,638 ","$55,529 ","$57,747 ","$55,529 to $57,747",4.7,"1,424,256",129.66
2013,12,12099,Palm Beach County (FL),"1,351,179","202,396","188,546","216,246","188,546 to 216,246",15,14,16,14.0 to 16.0,"266,388","60,375","54,141","66,609","54,141 to 66,609",22.7,20.4,25,20.4 to 25.0,"196,165","42,336","37,651","47,021","37,651 to 47,021",21.6,19.2,24,19.2 to 24.0,NA,NA,NA,NA,NA,NA,NA,NA,NA,"$51,768 ","$50,866 ","$52,670 ","$50,866 to $52,670",6.4,"1,376,462",138.39
2011,12,12099,Palm Beach County (FL),"1,315,886","207,441","193,832","221,050","193,832 to 221,050",15.8,14.8,16.8,14.8 to 16.8,"267,232","64,529","58,690","70,368","58,690 to 70,368",24.1,21.9,26.3,21.9 to 26.3,"196,311","43,819","39,385","48,253","39,385 to 48,253",22.3,20,24.6,20.0 to 24.6,NA,NA,NA,NA,NA,NA,NA,NA,NA,"$48,973 ","$47,455 ","$50,491 ","$47,455 to $50,491",9,"1,336,760",139.55
2009,12,12099,Palm Beach County (FL),"1,259,311","180,884","168,781","192,988","168,781 to 192,988",14.4,13.4,15.3,13.4 to 15.3,"265,223","57,017","51,090","62,944","51,090 to 62,944",21.5,19.3,23.7,19.3 to 23.7,"188,307","35,681","31,659","39,703","31,659 to 39,703",18.9,16.8,21.1,16.8 to 21.1,NA,NA,NA,NA,NA,NA,NA,NA,NA,"$49,660 ","$48,638 ","$50,682 ","$48,638 to $50,682",10.5,1307371,126.7
2007,12,12099,Palm Beach County (FL),"1,246,363","127,311","118,090","136,531","118,090 to 136,531",10.2,9.5,11,9.5 to 11.0,"264,304","40,047","35,168","44,927","35,168 to 44,927",15.2,13.3,17,13.3 to 17.0,"187,987","24,516","21,220","27,812","21,220 to 27,812",13,11.3,14.8,11.3 to 14.8,NA,NA,NA,NA,NA,NA,NA,NA,NA,"$53,500 ","$51,928 ","$55,071 ","$51,928 to $55,071",4.2,1286586,94.65
2005,12,12099,Palm Beach County (FL),"1,243,464","136,998","127,071","146,925","127,071 to 146,925",11,10.2,11.8,10.2 to 11.8,"270,948","43,087","37,840","48,334","37,840 to 48,334",15.9,14,17.8,14.0 to 17.8,"194,230","28,352","24,497","32,207","24,497 to 32,207",14.6,12.6,16.6,12.6 to 16.6,NA,NA,NA,NA,NA,NA,NA,NA,NA,"$48,086 ","$47,150 ","$49,022 ","$47,150 to $49,022",2.5,1278380,96.37
2003,12,12099,Palm Beach County (FL),"1,226,256","133,704","106,099","161,309","106,099 to 161,309",10.9,8.7,13.2,8.7 to 13.2,"270,623","43,091","33,086","53,095","33,086 to 53,095",15.9,12.2,19.6,12.2 to 19.6,"193,668","28,380","20,959","35,801","20,959 to 35,801",14.7,10.8,18.5,10.8 to 18.5,NA,NA,NA,NA,NA,NA,NA,NA,NA,"$43,014 ","$40,789 ","$45,360 ","$40,789 to $45,360",4.2,1218100,79.05
2019,17,17031,Cook County (IL),"5,062,586","659,687","635,736","683,638","635,736 to 683,638",13,12.5,13.5,12.5 to 13.5,"1,097,159","200,228","187,956","212,500","187,956 to 212,500",18.2,17.1,19.3,17.1 to 19.3,"791,875","140,457","131,514","149,400","131,514 to 149,400",17.7,16.6,18.8,16.6 to 18.8,NA,NA,NA,NA,NA,NA,NA,NA,NA,"$69,375 ","$68,331 ","$70,419 ","$68,331 to $70,419",3.2,"5,150,233",150.34
2017,17,17031,Cook County (IL),"5,125,439","746,194","722,554","769,834","722,554 to 769,834",14.6,14.1,15.1,14.1 to 15.1,"1,133,304","231,929","219,776","244,082","219,776 to 244,082",20.5,19.4,21.6,19.4 to 21.6,"812,156","161,004","151,907","170,101","151,907 to 170,101",19.8,18.7,20.9,18.7 to 20.9,NA,NA,NA,NA,NA,NA,NA,NA,NA,"$61,401 ","$60,743 ","$62,059 ","$60,743 to $62,059",4.6,"5,200,821",129.99
2015,17,17031,Cook County (IL),"5,151,018","833,241","809,759","856,723","809,759 to 856,723",16.2,15.7,16.7,15.7 to 16.7,"1,160,221","272,281","260,272","284,290","260,272 to 284,290",23.5,22.5,24.5,22.5 to 24.5,"827,122","188,117","179,096","197,138","179,096 to 197,138",22.7,21.6,23.8,21.6 to 23.8,NA,NA,NA,NA,NA,NA,NA,NA,NA,"$56,841 ","$56,197 ","$57,485 ","$56,197 to $57,485",6,"5,244,088",134.78
2013,17,17031,Cook County (IL),"5,152,225","918,295","894,248","942,342","894,248 to 942,342",17.8,17.3,18.3,17.3 to 18.3,"1,181,497","307,598","295,058","320,138","295,058 to 320,138",26,24.9,27.1,24.9 to 27.1,"845,794","218,901","208,866","228,936","208,866 to 228,936",25.9,24.7,27.1,24.7 to 27.1,NA,NA,NA,NA,NA,NA,NA,NA,NA,"$53,795 ","$52,947 ","$54,643 ","$52,947 to $54,643",8.7,"5,252,875",137.99
2011,17,17031,Cook County (IL),"5,130,885","912,067","887,978","936,156","887,978 to 936,156",17.8,17.3,18.3,17.3 to 18.3,"1,210,090","321,321","309,357","333,285","309,357 to 333,285",26.6,25.6,27.6,25.6 to 27.6,"867,647","225,464","216,424","234,504","216,424 to 234,504",26,25,27,25.0 to 27.0,NA,NA,NA,NA,NA,NA,NA,NA,NA,"$50,806 ","$50,286 ","$51,326 ","$50,286 to $51,326",9.8,"5,219,780",139.15
2009,17,17031,Cook County (IL),"5,185,337","828,626","804,063","853,189","804,063 to 853,189",16,15.5,16.5,15.5 to 16.5,"1,264,104","293,688","281,287","306,089","281,287 to 306,089",23.2,22.3,24.2,22.3 to 24.2,"885,227","202,770","193,442","212,098","193,442 to 212,098",22.9,21.9,24,21.9 to 24.0,NA,NA,NA,NA,NA,NA,NA,NA,NA,"$52,516 ","$51,912 ","$53,121 ","$51,912 to $53,121",11.4,5181728,132.36
2007,17,17031,Cook County (IL),"5,195,148","759,038","731,311","786,765","731,311 to 786,765",14.6,14.1,15.1,14.1 to 15.1,"1,302,186","281,408","264,937","297,879","264,937 to 297,879",21.6,20.3,22.9,20.3 to 22.9,"921,792","193,462","180,890","206,034","180,890 to 206,034",21,19.6,22.4,19.6 to 22.4,NA,NA,NA,NA,NA,NA,NA,NA,NA,"$52,554 ","$51,800 ","$53,307 ","$51,800 to $53,307",5.5,5154235,104.65
2005,17,17031,Cook County (IL),"5,188,478","780,189","742,286","818,092","742,286 to 818,092",15,14.3,15.8,14.3 to 15.8,"1,348,704","289,146","267,762","310,530","267,762 to 310,530",21.4,19.9,23,19.9 to 23.0,"948,910","191,551","176,169","206,933","176,169 to 206,933",20.2,18.6,21.8,18.6 to 21.8,NA,NA,NA,NA,NA,NA,NA,NA,NA,"$48,919 ","$48,143 ","$49,695 ","$48,143 to $49,695",5.3,5207615,100.73
2003,17,17031,Cook County (IL),"5,269,889","767,945","620,781","915,110","620,781 to 915,110",14.6,11.8,17.4,11.8 to 17.4,"1,373,701","282,891","220,164","345,618","220,164 to 345,618",20.6,16,25.2,16.0 to 25.2,"968,540","187,139","140,132","234,146","140,132 to 234,146",19.3,14.5,24.2,14.5 to 24.2,NA,NA,NA,NA,NA,NA,NA,NA,NA,"$42,723 ","$41,180 ","$44,323 ","$41,180 to $44,323",6.4,5294739,91.97
2019,36,36005,Bronx County (NY),"1,379,939","361,834","343,947","379,721","343,947 to 379,721",26.2,24.9,27.5,24.9 to 27.5,"338,529","123,692","114,598","132,786","114,598 to 132,786",36.5,33.8,39.2,33.8 to 39.2,"241,393","85,893","79,104","92,682","79,104 to 92,682",35.6,32.8,38.4,32.8 to 38.4,NA,NA,NA,NA,NA,NA,NA,NA,NA,"$41,470 ","$40,379 ","$42,561 ","$40,379 to $42,561",4.2,"1,418,207",160.46
2017,36,36005,Bronx County (NY),"1,434,186","400,473","381,252","419,694","381,252 to 419,694",27.9,26.6,29.2,26.6 to 29.2,"357,161","140,279","131,006","149,552","131,006 to 149,552",39.3,36.7,41.9,36.7 to 41.9,"253,715","97,584","90,584","104,584","90,584 to 104,584",38.5,35.7,41.3,35.7 to 41.3,NA,NA,NA,NA,NA,NA,NA,NA,NA,"$37,377 ","$36,023 ","$38,731 ","$36,023 to $38,731",5.6,"1,440,625",135.63
2015,36,36005,Bronx County (NY),"1,418,250","430,291","413,734","446,848","413,734 to 446,848",30.3,29.1,31.5,29.1 to 31.5,"360,139","153,531","145,084","161,978","145,084 to 161,978",42.6,40.3,44.9,40.3 to 44.9,"253,806","109,318","102,861","115,775","102,861 to 115,775",43.1,40.6,45.6,40.6 to 45.6,NA,NA,NA,NA,NA,NA,NA,NA,NA,"$35,102 ","$33,809 ","$36,395 ","$33,809 to $36,395",6.9,"1,440,005",138.09
2013,36,36005,Bronx County (NY),"1,381,104","423,904","406,248","441,560","406,248 to 441,560",30.7,29.4,32,29.4 to 32.0,"357,200","148,624","140,688","156,560","140,688 to 156,560",41.6,39.4,43.8,39.4 to 43.8,"251,642","106,540","100,464","112,616","100,464 to 112,616",42.3,39.9,44.7,39.9 to 44.7,NA,NA,NA,NA,NA,NA,NA,NA,NA,"$33,079 ","$31,623 ","$34,535 ","$31,623 to $34,535",10.4,"1,421,928",147.75
2011,36,36005,Bronx County (NY),"1,353,292","410,645","394,177","427,113","394,177 to 427,113",30.3,29.1,31.5,29.1 to 31.5,"360,483","147,310","139,230","155,390","139,230 to 155,390",40.9,38.7,43.1,38.7 to 43.1,"256,555","105,124","98,883","111,365","98,883 to 111,365",41,38.6,43.4,38.6 to 43.4,NA,NA,NA,NA,NA,NA,NA,NA,NA,"$32,137 ","$31,208 ","$33,066 ","$31,208 to $33,066",12.1,"1,397,335",148.63
2009,36,36005,Bronx County (NY),"1,354,080","383,691","364,692","402,691","364,692 to 402,691",28.3,26.9,29.7,26.9 to 29.7,"379,582","149,646","141,587","157,704","141,587 to 157,704",39.4,37.3,41.5,37.3 to 41.5,"270,340","106,325","100,488","112,162","100,488 to 112,162",39.3,37.2,41.5,37.2 to 41.5,NA,NA,NA,NA,NA,NA,NA,NA,NA,"$32,888 ","$31,897 ","$33,878 ","$31,897 to $33,878",13.3,1376261,141.9
2007,36,36005,Bronx County (NY),"1,331,217","360,373","345,366","375,381","345,366 to 375,381",27.1,25.9,28.2,25.9 to 28.2,"377,874","143,850","135,777","151,923","135,777 to 151,923",38.1,35.9,40.2,35.9 to 40.2,"270,090","102,724","96,085","109,363","96,085 to 109,363",38,35.6,40.5,35.6 to 40.5,NA,NA,NA,NA,NA,NA,NA,NA,NA,"$34,031 ","$32,953 ","$35,109 ","$32,953 to $35,109",6.5,1354056,107.49
2005,36,36005,Bronx County (NY),"1,302,084","376,517","360,039","392,995","360,039 to 392,995",28.9,27.7,30.2,27.7 to 30.2,"387,635","152,744","143,664","161,823","143,664 to 161,823",39.4,37.1,41.7,37.1 to 41.7,"272,402","107,045","99,542","114,548","99,542 to 114,548",39.3,36.5,42.1,36.5 to 42.1,NA,NA,NA,NA,NA,NA,NA,NA,NA,"$29,331 ","$28,515 ","$30,147 ","$28,515 to $30,147",6.9,1351736,101.43
2003,36,36005,Bronx County (NY),"1,332,100","358,546","284,797","432,296","284,797 to 432,296",26.9,21.4,32.5,21.4 to 32.5,"396,990","148,488","113,918","183,059","113,918 to 183,059",37.4,28.7,46.1,28.7 to 46.1,"278,321","106,084","78,303","133,865","78,303 to 133,865",38.1,28.1,48.1,28.1 to 48.1,NA,NA,NA,NA,NA,NA,NA,NA,NA,"$27,855 ","$26,389 ","$29,402 ","$26,389 to $29,402",9.9,1362373,97.29
2019,36,36047,Kings County (NY),"2,531,487","446,923","424,263","469,583","424,263 to 469,583",17.7,16.8,18.6,16.8 to 18.6,"568,927","140,443","127,587","153,299","127,587 to 153,299",24.7,22.4,27,22.4 to 27.0,"389,365","94,706","84,762","104,650","84,762 to 104,650",24.3,21.7,26.9,21.7 to 26.9,NA,NA,NA,NA,NA,NA,NA,NA,NA,"$66,501 ","$65,468 ","$67,534 ","$65,468 to $67,534",3.1,"2,559,903",160.46
2017,36,36047,Kings County (NY),"2,622,531","518,422","496,086","540,758","496,086 to 540,758",19.8,18.9,20.7,18.9 to 20.7,"596,793","159,509","147,761","171,257","147,761 to 171,257",26.7,24.7,28.7,24.7 to 28.7,"405,790","106,849","98,015","115,683","98,015 to 115,683",26.3,24.1,28.5,24.1 to 28.5,NA,NA,NA,NA,NA,NA,NA,NA,NA,"$56,548 ","$55,635 ","$57,461 ","$55,635 to $57,461",4.1,"2,594,676",135.63
2015,36,36047,Kings County (NY),"2,610,863","581,684","559,293","604,075","559,293 to 604,075",22.3,21.4,23.2,21.4 to 23.2,"603,265","190,141","178,886","201,396","178,886 to 201,396",31.5,29.6,33.4,29.6 to 33.4,"406,112","125,735","117,234","134,236","117,234 to 134,236",31,28.9,33.1,28.9 to 33.1,NA,NA,NA,NA,NA,NA,NA,NA,NA,"$51,026 ","$50,567 ","$51,485 ","$50,567 to $51,485",5.1,"2,608,794",138.09
2013,36,36047,Kings County (NY),"2,565,981","597,129","573,388","620,870","573,388 to 620,870",23.3,22.4,24.2,22.4 to 24.2,"596,828","198,970","188,130","209,810","188,130 to 209,810",33.3,31.5,35.1,31.5 to 35.1,"406,242","136,288","127,677","144,899","127,677 to 144,899",33.5,31.4,35.6,31.4 to 35.6,NA,NA,NA,NA,NA,NA,NA,NA,NA,"$47,067 ","$46,137 ","$47,997 ","$46,137 to $47,997",8.2,"2,587,684",147.75
2011,36,36047,Kings County (NY),"2,508,405","593,162","566,851","619,473","566,851 to 619,473",23.6,22.6,24.6,22.6 to 24.6,"591,061","199,819","188,555","211,083","188,555 to 211,083",33.8,31.9,35.7,31.9 to 35.7,"410,026","136,510","127,532","145,488","127,532 to 145,488",33.3,31.1,35.5,31.1 to 35.5,NA,NA,NA,NA,NA,NA,NA,NA,NA,"$42,437 ","$41,317 ","$43,557 ","$41,317 to $43,557",9.6,"2,540,817",148.63
2009,36,36047,Kings County (NY),"2,540,012","550,617","525,458","575,776","525,458 to 575,776",21.7,20.7,22.7,20.7 to 22.7,"624,028","194,796","183,652","205,939","183,652 to 205,939",31.2,29.4,33,29.4 to 33.0,"430,438","129,683","120,926","138,440","120,926 to 138,440",30.1,28.1,32.2,28.1 to 32.2,NA,NA,NA,NA,NA,NA,NA,NA,NA,"$42,932 ","$42,057 ","$43,807 ","$42,057 to $43,807",10.6,2487751,141.9
2007,36,36047,Kings County (NY),"2,500,343","548,119","528,318","567,921","528,318 to 567,921",21.9,21.1,22.7,21.1 to 22.7,"628,583","199,098","188,103","210,093","188,103 to 210,093",31.7,29.9,33.4,29.9 to 33.4,"440,010","133,114","124,436","141,792","124,436 to 141,792",30.3,28.3,32.2,28.3 to 32.2,NA,NA,NA,NA,NA,NA,NA,NA,NA,"$41,304 ","$40,685 ","$41,924 ","$40,685 to $41,924",5.2,2441324,107.49
2005,36,36047,Kings County (NY),"2,436,779","543,406","518,993","567,820","518,993 to 567,820",22.3,21.3,23.3,21.3 to 23.3,"639,690","197,370","184,096","210,644","184,096 to 210,644",30.9,28.8,32.9,28.8 to 32.9,"445,392","133,856","123,967","143,745","123,967 to 143,745",30.1,27.8,32.3,27.8 to 32.3,NA,NA,NA,NA,NA,NA,NA,NA,NA,"$37,098 ","$36,160 ","$38,036 ","$36,160 to $38,036",5.6,2445809,101.43
2003,36,36047,Kings County (NY),"2,466,561","576,485","461,008","691,963","461,008 to 691,963",23.4,18.7,28.1,18.7 to 28.1,"645,369","214,819","166,033","263,605","166,033 to 263,605",33.3,25.7,40.8,25.7 to 40.8,"449,727","148,920","110,929","186,911","110,929 to 186,911",33.1,24.7,41.6,24.7 to 41.6,NA,NA,NA,NA,NA,NA,NA,NA,NA,"$30,672 ","$29,219 ","$32,198 ","$29,219 to $32,198",8.1,2472999,97.29
2019,36,36061,New York County (NY),"1,575,331","222,672","207,005","238,339","207,005 to 238,339",14.1,13.1,15.1,13.1 to 15.1,"226,462","39,119","31,391","46,847","31,391 to 46,847",17.3,13.9,20.7,13.9 to 20.7,"152,223","25,960","20,185","31,735","20,185 to 31,735",17.1,13.3,20.9,13.3 to 20.9,NA,NA,NA,NA,NA,NA,NA,NA,NA,"$93,007 ","$90,088 ","$95,926 ","$90,088 to $95,926",2.7,"1,628,706",160.46
2017,36,36061,New York County (NY),"1,614,170","262,605","245,342","279,868","245,342 to 279,868",16.3,15.2,17.4,15.2 to 17.4,"234,889","55,056","48,691","61,421","48,691 to 61,421",23.4,20.7,26.1,20.7 to 26.1,"156,277","38,933","34,339","43,527","34,339 to 43,527",24.9,22,27.8,22.0 to 27.8,NA,NA,NA,NA,NA,NA,NA,NA,NA,"$84,133 ","$81,090 ","$87,176 ","$81,090 to $87,176",3.6,"1,630,698",135.63
2015,36,36061,New York County (NY),"1,593,702","280,715","264,389","297,041","264,389 to 297,041",17.6,16.6,18.6,16.6 to 18.6,"235,575","58,664","53,031","64,297","53,031 to 64,297",24.9,22.5,27.3,22.5 to 27.3,"152,697","41,572","37,039","46,105","37,039 to 46,105",27.2,24.2,30.2,24.2 to 30.2,NA,NA,NA,NA,NA,NA,NA,NA,NA,"$75,136 ","$72,813 ","$77,459 ","$72,813 to $77,459",4.3,"1,636,063",138.09
2013,36,36061,New York County (NY),"1,575,165","298,968","281,554","316,382","281,554 to 316,382",19,17.9,20.1,17.9 to 20.1,"234,440","62,281","55,431","69,131","55,431 to 69,131",26.6,23.7,29.5,23.7 to 29.5,"151,562","43,340","38,049","48,631","38,049 to 48,631",28.6,25.1,32.1,25.1 to 32.1,NA,NA,NA,NA,NA,NA,NA,NA,NA,"$71,443 ","$69,594 ","$73,292 ","$69,594 to $73,292",6.4,"1,627,491",147.75
2011,36,36061,New York County (NY),"1,551,317","286,081","267,662","304,500","267,662 to 304,500",18.4,17.2,19.6,17.2 to 19.6,"233,284","62,217","55,022","69,412","55,022 to 69,412",26.7,23.6,29.8,23.6 to 29.8,"154,361","44,469","39,108","49,830","39,108 to 49,830",28.8,25.3,32.3,25.3 to 32.3,NA,NA,NA,NA,NA,NA,NA,NA,NA,"$65,833 ","$64,120 ","$67,546 ","$64,120 to $67,546",7.9,"1,608,293",148.63
2009,36,36061,New York County (NY),"1,580,249","262,350","245,322","279,378","245,322 to 279,378",16.6,15.5,17.7,15.5 to 17.7,"253,529","64,362","57,249","71,476","57,249 to 71,476",25.4,22.6,28.2,22.6 to 28.2,"161,679","43,609","38,448","48,770","38,448 to 48,770",27,23.8,30.2,23.8 to 30.2,NA,NA,NA,NA,NA,NA,NA,NA,NA,"$68,295 ","$66,862 ","$69,729 ","$66,862 to $69,729",8.6,1583431,141.9
2007,36,36061,New York County (NY),"1,573,425","278,814","264,054","293,575","264,054 to 293,575",17.7,16.8,18.7,16.8 to 18.7,"267,308","74,411","67,855","80,967","67,855 to 80,967",27.8,25.4,30.3,25.4 to 30.3,"171,094","53,178","47,787","58,569","47,787 to 58,569",31.1,27.9,34.2,27.9 to 34.2,NA,NA,NA,NA,NA,NA,NA,NA,NA,"$63,704 ","$61,802 ","$65,606 ","$61,802 to $65,606",4.2,1581402,107.49
2005,36,36061,New York County (NY),"1,525,640","272,161","257,349","286,974","257,349 to 286,974",17.8,16.9,18.8,16.9 to 18.8,"265,071","79,387","72,193","86,580","72,193 to 86,580",29.9,27.2,32.7,27.2 to 32.7,"166,201","55,327","49,811","60,843","49,811 to 60,843",33.3,30,36.6,30.0 to 36.6,NA,NA,NA,NA,NA,NA,NA,NA,NA,"$55,561 ","$54,166 ","$56,957 ","$54,166 to $56,957",4.6,1573573,101.43
2003,36,36061,New York County (NY),"1,526,547","285,247","228,050","342,444","228,050 to 342,444",18.7,14.9,22.4,14.9 to 22.4,"266,242","82,291","63,589","100,992","63,589 to 100,992",30.9,23.9,37.9,23.9 to 37.9,"169,030","58,434","43,513","73,355","43,513 to 73,355",34.6,25.7,43.4,25.7 to 43.4,NA,NA,NA,NA,NA,NA,NA,NA,NA,"$43,930 ","$41,746 ","$46,229 ","$41,746 to $46,229",6.6,1562154,97.29
2019,36,36081,Queens County (NY),"2,226,053","245,941","223,169","268,713","223,169 to 268,713",11,10,12,10.0 to 12.0,"441,029","63,496","51,720","75,272","51,720 to 75,272",14.4,11.7,17.1,11.7 to 17.1,"306,964","41,564","32,771","50,357","32,771 to 50,357",13.5,10.6,16.4,10.6 to 16.4,NA,NA,NA,NA,NA,NA,NA,NA,NA,"$72,975 ","$71,573 ","$74,377 ","$71,573 to $74,377",2.6,"2,253,858",160.46
2017,36,36081,Queens County (NY),"2,332,646","285,222","265,456","304,988","265,456 to 304,988",12.2,11.4,13,11.4 to 13.0,"465,592","75,941","66,475","85,407","66,475 to 85,407",16.3,14.3,18.3,14.3 to 18.3,"322,341","49,439","42,148","56,730","42,148 to 56,730",15.3,13,17.6,13.0 to 17.6,NA,NA,NA,NA,NA,NA,NA,NA,NA,"$64,046 ","$62,995 ","$65,097 ","$62,995 to $65,097",3.5,"2,295,808",135.63
2015,36,36081,Queens County (NY),"2,313,637","320,712","301,115","340,309","301,115 to 340,309",13.9,13.1,14.7,13.1 to 14.7,"468,454","91,614","82,775","100,453","82,775 to 100,453",19.6,17.7,21.5,17.7 to 21.5,"322,701","63,760","57,084","70,436","57,084 to 70,436",19.8,17.7,21.9,17.7 to 21.9,NA,NA,NA,NA,NA,NA,NA,NA,NA,"$60,241 ","$59,671 ","$60,811 ","$59,671 to $60,811",4.4,"2,305,838",138.09
2013,36,36081,Queens County (NY),"2,270,393","350,774","328,052","373,496","328,052 to 373,496",15.4,14.4,16.4,14.4 to 16.4,"461,868","99,825","89,196","110,454","89,196 to 110,454",21.6,19.3,23.9,19.3 to 23.9,"321,654","71,221","63,258","79,184","63,258 to 79,184",22.1,19.6,24.6,19.6 to 24.6,NA,NA,NA,NA,NA,NA,NA,NA,NA,"$56,307 ","$55,538 ","$57,076 ","$55,538 to $57,076",6.6,"2,287,185",147.75
2011,36,36081,Queens County (NY),"2,222,941","355,276","331,299","379,253","331,299 to 379,253",16,14.9,17.1,14.9 to 17.1,"456,733","99,533","89,480","109,586","89,480 to 109,586",21.8,19.6,24,19.6 to 24.0,"322,022","71,372","63,947","78,797","63,947 to 78,797",22.2,19.9,24.5,19.9 to 24.5,NA,NA,NA,NA,NA,NA,NA,NA,NA,"$53,124 ","$51,934 ","$54,314 ","$51,934 to $54,314",8.1,"2,255,482",148.63
2009,36,36081,Queens County (NY),"2,284,925","293,729","267,216","320,243","267,216 to 320,243",12.9,11.7,14,11.7 to 14.0,"486,199","81,381","70,250","92,512","70,250 to 92,512",16.7,14.4,19,14.4 to 19.0,"338,948","56,991","49,593","64,389","49,593 to 64,389",16.8,14.6,19,14.6 to 19.0,NA,NA,NA,NA,NA,NA,NA,NA,NA,"$54,671 ","$53,499 ","$55,843 ","$53,499 to $55,843",8.9,2217166,141.9
2007,36,36081,Queens County (NY),"2,249,095","273,346","257,730","288,961","257,730 to 288,961",12.2,11.5,12.8,11.5 to 12.8,"478,973","82,720","74,904","90,536","74,904 to 90,536",17.3,15.6,18.9,15.6 to 18.9,"338,854","55,771","50,176","61,366","50,176 to 61,366",16.5,14.8,18.1,14.8 to 18.1,NA,NA,NA,NA,NA,NA,NA,NA,NA,"$52,944 ","$52,055 ","$53,833 ","$52,055 to $53,833",4.4,2177351,107.49
2005,36,36081,Queens County (NY),"2,207,548","267,880","251,998","283,763","251,998 to 283,763",12.1,11.4,12.9,11.4 to 12.9,"490,287","82,197","74,512","89,883","74,512 to 89,883",16.8,15.2,18.3,15.2 to 18.3,"342,625","55,910","50,207","61,613","50,207 to 61,613",16.3,14.7,18,14.7 to 18.0,NA,NA,NA,NA,NA,NA,NA,NA,NA,"$47,486 ","$45,939 ","$49,032 ","$45,939 to $49,032",4.7,2185222,101.43
2003,36,36081,Queens County (NY),"2,232,102","343,227","274,058","412,396","274,058 to 412,396",15.4,12.3,18.5,12.3 to 18.5,"495,612","103,820","80,180","127,460","80,180 to 127,460",20.9,16.2,25.7,16.2 to 25.7,"345,385","72,869","54,246","91,492","54,246 to 91,492",21.1,15.7,26.5,15.7 to 26.5,NA,NA,NA,NA,NA,NA,NA,NA,NA,"$38,041 ","$36,197 ","$39,979 ","$36,197 to $39,979",6.6,2214608,97.29
2019,36,36085,Richmond County (NY),"470,277","42,807","35,452","50,162","35,452 to 50,162",9.1,7.5,10.7,7.5 to 10.7,"102,064","14,158","10,866","17,450","10,866 to 17,450",13.9,10.7,17.1,10.7 to 17.1,"75,063","10,889","8,395","13,383","8,395 to 13,383",14.5,11.2,17.8,11.2 to 17.8,NA,NA,NA,NA,NA,NA,NA,NA,NA,"$86,624 ","$82,286 ","$90,962 ","$82,286 to $90,962",2.9,"476,143",160.46
2017,36,36085,Richmond County (NY),"474,043","56,434","50,126","62,742","50,126 to 62,742",11.9,10.6,13.2,10.6 to 13.2,"103,786","17,390","14,527","20,253","14,527 to 20,253",16.8,14,19.6,14.0 to 19.6,"76,525","11,940","9,629","14,251","9,629 to 14,251",15.6,12.6,18.6,12.6 to 18.6,NA,NA,NA,NA,NA,NA,NA,NA,NA,"$78,466 ","$76,062 ","$80,870 ","$76,062 to $80,870",3.9,"475,671",135.63
2015,36,36085,Richmond County (NY),"469,052","66,586","59,801","73,371","59,801 to 73,371",14.2,12.8,15.6,12.8 to 15.6,"103,761","19,023","16,293","21,753","16,293 to 21,753",18.3,15.7,20.9,15.7 to 20.9,"76,540","13,564","11,606","15,522","11,606 to 15,522",17.7,15.1,20.3,15.1 to 20.3,NA,NA,NA,NA,NA,NA,NA,NA,NA,"$71,058 ","$68,832 ","$73,284 ","$68,832 to $73,284",5,"472,349",138.09
2013,36,36085,Richmond County (NY),"467,253","61,332","53,788","68,876","53,788 to 68,876",13.1,11.5,14.7,11.5 to 14.7,"105,425","20,022","17,072","22,972","17,072 to 22,972",19,16.2,21.8,16.2 to 21.8,"77,761","14,331","12,047","16,615","12,047 to 16,615",18.4,15.5,21.3,15.5 to 21.3,NA,NA,NA,NA,NA,NA,NA,NA,NA,"$68,621 ","$65,706 ","$71,536 ","$65,706 to $71,536",7.7,"471,803",147.75
2011,36,36085,Richmond County (NY),"464,507","58,103","49,322","66,884","49,322 to 66,884",12.5,10.6,14.4,10.6 to 14.4,"107,057","19,764","16,448","23,080","16,448 to 23,080",18.5,15.4,21.6,15.4 to 21.6,"78,942","12,607","10,231","14,983","10,231 to 14,983",16,13,19,13.0 to 19.0,NA,NA,NA,NA,NA,NA,NA,NA,NA,"$69,436 ","$66,858 ","$72,014 ","$66,858 to $72,014",9.1,"471,021",148.63
2009,36,36085,Richmond County (NY),"484,790","55,407","48,226","62,589","48,226 to 62,589",11.4,9.9,12.9,9.9 to 12.9,"112,667","17,658","14,734","20,583","14,734 to 20,583",15.7,13.1,18.3,13.1 to 18.3,"83,269","11,435","9,440","13,430","9,440 to 13,430",13.7,11.3,16.1,11.3 to 16.1,NA,NA,NA,NA,NA,NA,NA,NA,NA,"$65,388 ","$61,868 ","$68,907 ","$61,868 to $68,907",8.7,466965,141.9
2007,36,36085,Richmond County (NY),"474,879","47,753","41,717","53,788","41,717 to 53,788",10.1,8.8,11.3,8.8 to 11.3,"113,562","14,920","12,399","17,442","12,399 to 17,442",13.1,10.9,15.4,10.9 to 15.4,"84,350","10,186","8,268","12,104","8,268 to 12,104",12.1,9.8,14.3,9.8 to 14.3,NA,NA,NA,NA,NA,NA,NA,NA,NA,"$66,384 ","$64,071 ","$68,697 ","$64,071 to $68,697",4.3,459642,107.49
2005,36,36085,Richmond County (NY),"454,412","49,690","43,692","55,689","43,692 to 55,689",10.9,9.6,12.3,9.6 to 12.3,"111,143","17,639","14,838","20,440","14,838 to 20,440",15.9,13.4,18.4,13.4 to 18.4,"82,173","12,918","10,788","15,048","10,788 to 15,048",15.7,13.1,18.3,13.1 to 18.3,NA,NA,NA,NA,NA,NA,NA,NA,NA,"$62,279 ","$59,811 ","$64,746 ","$59,811 to $64,746",4.7,457028,101.43
2003,36,36085,Richmond County (NY),"459,876","46,341","36,364","56,318","36,364 to 56,318",10.1,7.9,12.2,7.9 to 12.2,"112,752","15,486","11,767","19,205","11,767 to 19,205",13.7,10.4,17,10.4 to 17.0,"82,926","10,923","7,964","13,882","7,964 to 13,882",13.2,9.6,16.7,9.6 to 16.7,NA,NA,NA,NA,NA,NA,NA,NA,NA,"$54,252 ","$50,885 ","$57,842 ","$50,885 to $57,842",6.7,455939,97.29
2019,42,42101,Philadelphia County (PA),"1,533,752","352,748","333,894","371,602","333,894 to 371,602",23,21.8,24.2,21.8 to 24.2,"334,589","105,883","96,577","115,189","96,577 to 115,189",31.6,28.8,34.4,28.8 to 34.4,"234,496","77,092","69,955","84,229","69,955 to 84,229",32.9,29.9,35.9,29.9 to 35.9,NA,NA,NA,NA,NA,NA,NA,NA,NA,"$47,598 ","$45,986 ","$49,210 ","$45,986 to $49,210",5.3,"1,584,064",150.88
2017,42,42101,Philadelphia County (PA),"1,531,792","388,221","371,900","404,542","371,900 to 404,542",25.3,24.2,26.4,24.2 to 26.4,"338,928","108,051","99,494","116,608","99,494 to 116,608",31.9,29.4,34.4,29.4 to 34.4,"235,072","72,959","66,331","79,587","66,331 to 79,587",31,28.2,33.8,28.2 to 33.8,NA,NA,NA,NA,NA,NA,NA,NA,NA,"$40,193 ","$38,699 ","$41,687 ","$38,699 to $41,687",5.8,"1,580,601",120.88
2015,42,42101,Philadelphia County (PA),"1,517,222","385,781","369,099","402,463","369,099 to 402,463",25.4,24.3,26.5,24.3 to 26.5,"340,474","130,851","123,439","138,263","123,439 to 138,263",38.4,36.2,40.6,36.2 to 40.6,"232,109","89,014","83,251","94,777","83,251 to 94,777",38.4,35.9,40.9,35.9 to 40.9,NA,NA,NA,NA,NA,NA,NA,NA,NA,"$41,210 ","$40,439 ","$41,981 ","$40,439 to $41,981",6.2,"1,571,065",123.16
2013,42,42101,Philadelphia County (PA),"1,502,340","390,541","372,414","408,668","372,414 to 408,668",26,24.8,27.2,24.8 to 27.2,"337,832","122,649","113,840","131,458","113,840 to 131,458",36.3,33.7,38.9,33.7 to 38.9,"230,983","79,210","72,834","85,586","72,834 to 85,586",34.3,31.5,37.1,31.5 to 37.1,NA,NA,NA,NA,NA,NA,NA,NA,NA,"$36,918 ","$36,096 ","$37,740 ","$36,096 to $37,740",8.5,"1,558,313",128.32
2011,42,42101,Philadelphia County (PA),"1,487,011","414,826","398,156","431,496","398,156 to 431,496",27.9,26.8,29,26.8 to 29.0,"340,408","131,573","123,981","139,165","123,981 to 139,165",38.7,36.5,40.9,36.5 to 40.9,"236,622","91,341","85,462","97,220","85,462 to 97,220",38.6,36.1,41.1,36.1 to 41.1,NA,NA,NA,NA,NA,NA,NA,NA,NA,"$34,433 ","$33,313 ","$35,553 ","$33,313 to $35,553",10.1,"1,540,466",128.4
2009,42,42101,Philadelphia County (PA),"1,494,227","366,125","350,068","382,181","350,068 to 382,181",24.5,23.4,25.6,23.4 to 25.6,"355,079","116,298","108,808","123,787","108,808 to 123,787",32.8,30.6,34.9,30.6 to 34.9,"246,157","77,073","71,617","82,529","71,617 to 82,529",31.3,29.1,33.5,29.1 to 33.5,NA,NA,NA,NA,NA,NA,NA,NA,NA,"$36,959 ","$35,866 ","$38,052 ","$35,866 to $38,052",9.5,1514694,118.4
2007,42,42101,Philadelphia County (PA),"1,397,787","328,057","309,606","346,509","309,606 to 346,509",23.5,22.1,24.8,22.1 to 24.8,"356,204","121,011","110,758","131,264","110,758 to 131,264",34,31.1,36.9,31.1 to 36.9,"249,913","81,430","73,734","89,126","73,734 to 89,126",32.6,29.5,35.7,29.5 to 35.7,NA,NA,NA,NA,NA,NA,NA,NA,NA,"$35,431 ","$34,583 ","$36,279 ","$34,583 to $36,279",6.2,1493309,92.4
2005,42,42101,Philadelphia County (PA),"1,399,821","339,111","320,394","357,827","320,394 to 357,827",24.2,22.9,25.6,22.9 to 25.6,"363,923","128,662","118,392","138,933","118,392 to 138,933",35.4,32.5,38.2,32.5 to 38.2,"254,620","85,700","78,148","93,252","78,148 to 93,252",33.7,30.7,36.6,30.7 to 36.6,NA,NA,NA,NA,NA,NA,NA,NA,NA,"$32,671 ","$31,754 ","$33,587 ","$31,754 to $33,587",6.1,1490861,88.28
2003,42,42101,Philadelphia County (PA),"1,436,501","290,628","229,967","351,289","229,967 to 351,289",20.2,16,24.5,16.0 to 24.5,"369,447","106,273","80,891","131,656","80,891 to 131,656",28.8,21.9,35.6,21.9 to 35.6,"261,753","70,931","51,713","90,149","51,713 to 90,149",27.1,19.8,34.4,19.8 to 34.4,NA,NA,NA,NA,NA,NA,NA,NA,NA,"$30,517 ","$28,979 ","$32,138 ","$28,979 to $32,138",6.7,1493802,79.56
